{"Ravenclaw": {"theta_0": -2.2409470991230567, "theta_1": -1.0822791316540918, "theta_2": 1.4115145249625447, "theta_3": 2.365812272287894, "means": [39.08625364259908, 495.93805288125145, -243.36679188519238], "stds": [520.7003367815927, 106.28858124023444, 8.787543870318553]}, "Slytherin": {"theta_0": -3.173522606457654, "theta_1": -3.353815808908081, "theta_2": -1.5649674686117185, "theta_3": -2.248859814900268, "means": [39.08625364259908, 495.93805288125145, -243.36679188519238], "stds": [520.7003367815927, 106.28858124023444, 8.787543870318553]}, "Gryffindor": {"theta_0": -2.913913197392356, "theta_1": 1.277794390222164, "theta_2": 3.004668869174214, "theta_3": -2.2970559232184535, "means": [39.08625364259908, 495.93805288125145, -243.36679188519238], "stds": [520.7003367815927, 106.28858124023444, 8.787543870318553]}, "Hufflepuff": {"theta_0": -1.7113634916716074, "theta_1": 3.2121458084767136, "theta_2": -3.109575373822413, "theta_3": 2.016262881688873, "means": [39.08625364259908, 495.93805288125145, -243.36679188519238], "stds": [520.7003367815927, 106.28858124023444, 8.787543870318553]}}